source,id,group,matched,artist,title,album,genre,matched_offset_seconds,recognition_url,duplicate
1.mp3,wedding-01,wedding,True,Novo Talos & Julius Aston,Infinite Pease,,Christian & Gospel,4,https://www.shazam.com/track/537903793/infinite-pease,False
2.mp3,wedding-02,wedding,True,Anji,Dia,Dia - Single,Pop,4,https://www.shazam.com/track/315241207/dia,False
3.mp3,wedding-03,wedding,False,,,,,,,
4.mp3,wedding-04,wedding,True,EasySleepMusic,Clear Your Mind,,World,4,https://www.shazam.com/track/298593670/clear-your-mind,False
5.mp3,wedding-05,wedding,True,Maher Zain,For the Rest of My Life,Thank You Allah,R&B/Soul,4,https://www.shazam.com/track/66540110/for-the-rest-of-my-life,False
6.mp3,wedding-06,wedding,True,Restikha Buleleng,Tuhan Jagakan Dia (Remix),Tuhan Jagakan Dia (Remix) - EP,Dance,4,https://www.shazam.com/track/661814963/tuhan-jagakan-dia-remix,False
7.mp3,wedding-07,wedding,True,Emmanuel Mgogo,Uso Wangu,Uso Wangu,Christian & Gospel,4,https://www.shazam.com/track/554826100/uso-wangu,False
8.mp3,wedding-08,wedding,True,Doc Holiday,Like Im Gonna Lose You (Originally Performed by Meghan Trainor and John Legend) [Karaoke Instrumental],,Karaoke,4,https://www.shazam.com/track/226575596/like-im-gonna-lose-you-originally-performed-by-meghan,False
9.mp3,wedding-09,wedding,True,ZAYN & Zhavia,A Whole New World (End Title),"Aladdin (Original Motion Picture Soundtrack) [with Benj Pasek, Justin Paul & Pasek & Paul]",Musicals,4,https://www.shazam.com/track/466908749/a-whole-new-world-end-title,False
10.mp3,wedding-10,wedding,False,,,,,,,
11.mp3,wedding-11,wedding,True,Virgoun,Bukti,Bukti - Single,Pop,4,https://www.shazam.com/track/375415662/bukti,False
12.mp3,wedding-12,wedding,True,Alexander Nakarada,Relaxing Ballad,Relaxing Ballad - Single,Electronic,4,https://www.shazam.com/track/608528058/relaxing-ballad,False
13.mp3,wedding-13,wedding,False,,,,,,,
14.mp3,wedding-14,wedding,False,,,,,,,
15.mp3,wedding-15,wedding,False,,,,,,,
16.mp3,wedding-16,wedding,False,,,,,,,
17.mp3,wedding-17,wedding,False,,,,,,,
18.mp3,wedding-18,wedding,True,Anji,"Menunggu Kamu (From ""Jelita Sejuba"")","Menunggu Kamu (From ""Jelita Sejuba"")",Pop,4,https://www.shazam.com/track/409647775/menunggu-kamu-from-jelita-sejuba,False
19.mp3,wedding-19,wedding,True,Maher Zain,Baraka Allahu Lakuma (Percussion Version),Thank You Allah (Percussion Version),World,4,https://www.shazam.com/track/52624879/baraka-allahu-lakuma-percussion-version,False
20.mp3,wedding-20,wedding,False,,,,,,,
21.mp3,wedding-21,wedding,True,Yovie & Nuno,Janji Suci,The Special One,Pop,4,https://www.shazam.com/track/47438245/janji-suci,False
22.mp3,wedding-22,wedding,True,Alexander Nakarada,Relaxing Ballad,Relaxing Ballad - Single,Electronic,4,https://www.shazam.com/track/608528058/relaxing-ballad,True
23.mp3,wedding-23,wedding,False,,,,,,,
24.mp3,wedding-24,wedding,True,Yovie & Nuno,Janji Suci,The Special One,Pop,4,https://www.shazam.com/track/47438245/janji-suci,True
25.mp3,wedding-25,wedding,True,Dan + Shay & Justin Bieber,"10,000 Hours",Good Things,Country,4,https://www.shazam.com/track/498312422/10-000-hours,False
26.mp3,wedding-26,wedding,False,,,,,,,
27.mp3,wedding-27,wedding,True,Andmesh,Hanya Rindu,Cinta Luar Biasa,Pop,4,https://www.shazam.com/track/465657674/hanya-rindu,False
28.mp3,wedding-28,wedding,False,,,,,,,
29.mp3,wedding-29,wedding,True,Emma Heesters,Hanya Rindu,,,4,https://www.shazam.com/track/495321231/hanya-rindu,False
30.mp3,wedding-30,wedding,True,Jaz,Dari Mata,Dari Mata - Single,Indo Pop,4,https://www.shazam.com/track/309235261/dari-mata,False
31.mp3,wedding-31,wedding,True,Maher Zain,Rabbee Yebarik (Arabic Version),One (Arabic Version),Islamic,20,https://www.shazam.com/track/320844935/rabbee-yebarik-arabic-version,False
32.mp3,wedding-32,wedding,True,Christian Bautista,The Way You Look At Me (Acoustic),Christian Bautista,World,4,https://www.shazam.com/track/47497079/the-way-you-look-at-me-acoustic,False
33.mp3,wedding-33,wedding,False,,,,,,,
34.mp3,wedding-34,wedding,True,Virgoun,Surat Cinta Untuk Starla,Surat Cinta Untuk Starla - Single,Pop,4,https://www.shazam.com/track/314322677/surat-cinta-untuk-starla,False
35.mp3,wedding-35,wedding,True,Ed Sheeran,Perfect,÷,Pop,4,https://www.shazam.com/track/342514741/perfect,False
36.mp3,wedding-36,wedding,True,Andmesh,Cinta Luar Biasa,Cinta Luar Biasa,Pop,4,https://www.shazam.com/track/443531147/cinta-luar-biasa,False
37.mp3,wedding-37,wedding,True,Divine Destiny,Beautiful in White,,R&B/Soul,4,https://www.shazam.com/track/319464626/beautiful-in-white,False
38.mp3,wedding-38,wedding,True,Naif,Karena Kamu Cuma Satu,,Pop,4,https://www.shazam.com/track/53236042/karena-kamu-cuma-satu,False
39.mp3,wedding-39,wedding,True,Anthony Ventura,Love Story,Orchester Anthony Ventura: Traummelodien - Die großen Erfolge,New Age,4,https://www.shazam.com/track/47422079/love-story,False
40.mp3,wedding-40,wedding,False,,,,,,,
41.mp3,wedding-41,wedding,False,,,,,,,
42.mp3,wedding-42,wedding,True,Clever Lopez,Can't Help Falling In Love,,,4,https://www.shazam.com/track/651286278/cant-help-falling-in-love,False
43.mp3,wedding-43,wedding,True,Sigma,Istikharah Cinta,Istikharah Cinta,Pop,4,https://www.shazam.com/track/109422734/istikharah-cinta,False
44.mp3,wedding-44,wedding,True,NewSong,When God Made You,More Life,Christian & Gospel,4,https://www.shazam.com/track/40418876/when-god-made-you,False
45.mp3,wedding-45,wedding,True,Anji,Bidadari Tak Bersayap,Bidadari Tak Bersayap - Single,Pop,4,https://www.shazam.com/track/355291703/bidadari-tak-bersayap,False
46.mp3,wedding-46,wedding,False,,,,,,,
47.mp3,wedding-47,wedding,False,,,,,,,
48.mp3,wedding-48,wedding,False,,,,,,,
49.mp3,wedding-49,wedding,True,Shane Filan,Beautiful In White,Love Always (Deluxe),Pop,4,https://www.shazam.com/track/364214912/beautiful-in-white,False
50.mp3,wedding-50,wedding,True,Andmesh,Nyaman,Cinta Luar Biasa,Pop,4,https://www.shazam.com/track/498639907/nyaman,False
51.mp3,wedding-51,wedding,True,Sami Yusuf,Hasbi Rabbi,My Ummah,World,4,https://www.shazam.com/track/70690277/hasbi-rabbi,False
52.mp3,wedding-52,wedding,True,BRKNRBTZ,Marry Your Daughter,Marry Your Daughter - Single,R&B/Soul,4,https://www.shazam.com/track/62655668/marry-your-daughter,False
53.mp3,wedding-53,wedding,True,Anji,"Menunggu Kamu (From ""Jelita Sejuba"")","Menunggu Kamu (From ""Jelita Sejuba"")",Pop,4,https://www.shazam.com/track/409647775/menunggu-kamu-from-jelita-sejuba,True
54.mp3,wedding-54,wedding,False,,,,,,,
55.mp3,wedding-55,wedding,True,Maher Zain,For the Rest of My Life,Thank You Allah,R&B/Soul,4,https://www.shazam.com/track/66540110/for-the-rest-of-my-life,True
56.mp3,wedding-56,wedding,True,Badai Romantic Project,Melamarmu,Musim Bahagia - EP,Pop,4,https://www.shazam.com/track/407420149/melamarmu,False
57.mp3,wedding-57,wedding,False,,,,,,,
58.mp3,wedding-58,wedding,False,,,,,,,
59.mp3,wedding-59,wedding,True,Anji,Bidadari Tak Bersayap,Bidadari Tak Bersayap - Single,Pop,4,https://www.shazam.com/track/355291703/bidadari-tak-bersayap,True
60.mp3,wedding-60,wedding,False,,,,,,,
61.mp3,wedding-61,wedding,True,Ratzu,Spring,Sakura,Pop,4,https://www.shazam.com/track/665294330/spring,False
62.mp3,wedding-62,wedding,True,EasySleepMusic,Clear Your Mind,,World,4,https://www.shazam.com/track/298593670/clear-your-mind,True
63.mp3,wedding-63,wedding,True,Andmesh,Kumau Dia,Cinta Luar Biasa,Pop,4,https://www.shazam.com/track/498639914/kumau-dia,False
akikah.mp3,aqiqah-01,aqiqah,True,Armada,Buah Hati,Buah Hati - Single,Pop,4,https://www.shazam.com/track/503777403/buah-hati,False
akikah 2.mp3,aqiqah-02,aqiqah,True,Louis Armstrong,What A Wonderful World,What A Wonderful World,Holiday,4,https://www.shazam.com/track/5576369/what-a-wonderful-world,False
